PRAGMA defer_foreign_keys=TRUE;
CREATE TABLE locations (   id TEXT PRIMARY KEY,   name TEXT NOT NULL,   code TEXT NOT NULL );
INSERT INTO "locations" ("id","name","code") VALUES('loc-001','Төв оффис - Улаанбаатар','UB-HQ');
INSERT INTO "locations" ("id","name","code") VALUES('loc-002','Салбар оффис - Дархан','DKH-01');
CREATE TABLE categories (   id TEXT PRIMARY KEY,   name TEXT NOT NULL );
INSERT INTO "categories" ("id","name") VALUES('cat-001','Laptop');
INSERT INTO "categories" ("id","name") VALUES('cat-002','Monitor');
INSERT INTO "categories" ("id","name") VALUES('cat-003','Keyboard');
INSERT INTO "categories" ("id","name") VALUES('cat-004','Furniture');
CREATE TABLE employees (   id TEXT PRIMARY KEY,   email TEXT NOT NULL,   role TEXT DEFAULT 'USER',   locationId TEXT,   status TEXT NOT NULL,   FOREIGN KEY(locationId) REFERENCES locations(id) );
INSERT INTO "employees" ("id","email","role","locationId","status") VALUES('emp-admin','admin@company.com','SUPER_ADMIN','loc-001','ACTIVE');
INSERT INTO "employees" ("id","email","role","locationId","status") VALUES('emp-hr','hr@company.com','HR_MANAGER','loc-001','ACTIVE');
INSERT INTO "employees" ("id","email","role","locationId","status") VALUES('emp-user1','bat@company.com','USER','loc-002','ACTIVE');
CREATE TABLE assets (   id TEXT PRIMARY KEY,   assetTag TEXT NOT NULL,   categoryId TEXT,   parentAssetId TEXT,   locationId TEXT,   assignedTo TEXT,   status TEXT NOT NULL,   imageR2Key TEXT, purchasePrice REAL, currentBookValue REAL, purchaseDate TEXT,   FOREIGN KEY(categoryId) REFERENCES categories(id),   FOREIGN KEY(locationId) REFERENCES locations(id),   FOREIGN KEY(assignedTo) REFERENCES employees(id),   FOREIGN KEY(parentAssetId) REFERENCES assets(id) );
INSERT INTO "assets" ("id","assetTag","categoryId","parentAssetId","locationId","assignedTo","status","imageR2Key","purchasePrice","currentBookValue","purchaseDate") VALUES('ast-001','LPT-2024-001','cat-001',NULL,'loc-001','emp-user1','ASSIGNED',NULL,3500000,3300000,'2024-01-10');
INSERT INTO "assets" ("id","assetTag","categoryId","parentAssetId","locationId","assignedTo","status","imageR2Key","purchasePrice","currentBookValue","purchaseDate") VALUES('ast-002','MON-2024-001','cat-002','ast-001','loc-001','emp-user1','ASSIGNED',NULL,800000,780000,'2024-01-15');
INSERT INTO "assets" ("id","assetTag","categoryId","parentAssetId","locationId","assignedTo","status","imageR2Key","purchasePrice","currentBookValue","purchaseDate") VALUES('ast-003','LPT-2024-002','cat-001',NULL,'loc-002',NULL,'AVAILABLE',NULL,3500000,3500000,'2024-02-01');
CREATE TABLE audit_logs (   id TEXT PRIMARY KEY,   assetId TEXT NOT NULL,   action TEXT NOT NULL,   actorId TEXT NOT NULL,   locationId TEXT,   detailsJson TEXT,   createdAt TEXT NOT NULL,   FOREIGN KEY(assetId) REFERENCES assets(id),   FOREIGN KEY(locationId) REFERENCES locations(id) );
INSERT INTO "audit_logs" ("id","assetId","action","actorId","locationId","detailsJson","createdAt") VALUES('log-001','ast-001','INITIAL_REGISTRATION','emp-admin','loc-001','{"note": "Анхны бүртгэл"}','2024-01-10 10:00:00');
INSERT INTO "audit_logs" ("id","assetId","action","actorId","locationId","detailsJson","createdAt") VALUES('log-002','ast-001','ASSIGN','emp-hr','loc-001','{"assignedTo": "bat@company.com"}','2024-01-12 14:30:00');
CREATE TABLE depreciation_logs (   id TEXT PRIMARY KEY,   assetId TEXT NOT NULL,   period TEXT NOT NULL,   depreciationAmount REAL NOT NULL,   bookValueAfter REAL NOT NULL,   calculatedAt TEXT NOT NULL,   FOREIGN KEY(assetId) REFERENCES assets(id) );
INSERT INTO "depreciation_logs" ("id","assetId","period","depreciationAmount","bookValueAfter","calculatedAt") VALUES('dep-001','ast-001','2024-02',100000,3400000,'2024-02-28 23:59:59');
INSERT INTO "depreciation_logs" ("id","assetId","period","depreciationAmount","bookValueAfter","calculatedAt") VALUES('dep-002','ast-001','2024-03',100000,3300000,'2024-03-31 23:59:59');
INSERT INTO "depreciation_logs" ("id","assetId","period","depreciationAmount","bookValueAfter","calculatedAt") VALUES('dep-003','ast-002','2024-02',20000,780000,'2024-02-28 23:59:59');
